"['Change in Product Part Number Announcement for the Cisco ACE 4710 Application Control Engine Appliance Bundle Licenses ', 'https://www.cisco.com/c/en/us/products/collateral/application-networking-services/ace-4700-series-application-control-engine-appliances/eol_c51_667561.html']"
"['End-of-Sale and End-of-Life Announcement for the Cisco ACE 4710 Application Control Engine Software Releases 1.7, 1.8, and 3.1 ', 'https://www.cisco.com/c/en/us/products/collateral/application-networking-services/ace-4710-application-control-engine/eol_c51_591996.html']"
"['End-of-Sale and End-of-Life Announcement for the Cisco ACE Application Control Engine Software Release A5(x) for the ACE 4700 Series Appliances ', 'https://www.cisco.com/c/en/us/products/collateral/application-networking-services/ace-4700-series-application-control-engine-appliances/eol_C51-728944.html']"
"['End-of-Sale and End-of-Life Announcement for the Cisco ACE 4710 Application Control Engine Appliance A4x-A5.x Bundle Licenses ', 'https://www.cisco.com/c/en/us/products/collateral/application-networking-services/ace-4700-series-application-control-engine-appliances/eol_C51-728937.html']"
"['End-of-Sale and End-of-Life Announcement for the Cisco ACE 4710 Application Control Engine Hardware ', 'https://www.cisco.com/c/en/us/products/collateral/application-networking-services/ace-4700-series-application-control-engine-appliances/eol_C51-728976.html']"
"['End-of-Sale and End-of-Life Announcement for the Cisco ACE Application Control Engine Software Release A4(x) for the ACE 4700 Series Appliances ', 'https://www.cisco.com/c/en/us/products/collateral/application-networking-services/ace-4700-series-application-control-engine-appliances/eol_C51-720517.html']"
"['End-of-Sale and End-of-Life Announcement for the Cisco ACE 4710 Application Control Engine Appliance A-la-Carte Feature Licenses ', 'https://www.cisco.com/c/en/us/products/collateral/application-networking-services/ace-4700-series-application-control-engine-appliances/eol_c51_667998.html']"
"['End-of-Sale and End-of-Life Announcement for the Cisco ACE 4710 Application Control Engine Software Release 3.2 ', 'https://www.cisco.com/c/en/us/products/collateral/application-networking-services/ace-4700-series-application-control-engine-appliances/eol_c51_667559.html']"
"['End-of-Sale and End-of-Life Announcement for the Cisco GSS 4492R Global Site Selector ', 'https://www.cisco.com/c/en/us/products/collateral/application-networking-services/ace-gss-4400-series-global-site-selector-appliances/eol_C51-728977.html']"
"['End-of-Sale and End-of-Life Announcement for the Cisco ACE Global Site Selector Release 4(x) Software ', 'https://www.cisco.com/c/en/us/products/collateral/application-networking-services/ace-gss-4400-series-global-site-selector-appliances/eol_C51-728936.html']"
"['End-of-Sale and End-of-Life Announcement for the Cisco ACE GSS Global Site Selector License Options ', 'https://www.cisco.com/c/en/us/products/collateral/application-networking-services/ace-gss-4400-series-global-site-selector-appliances/eol_C51-728922.html']"
